,tweet_id,text,favorite_count,retweet_count,created_at
0,1387810985629548548,"RT @BharatBiotech: Bharat Biotech - COVAXIN® Announcement - April 29, 2021 https://t.co/RgnROIfUCe",0,1902,Thu Apr 29 16:48:17 +0000 2021
1,1387810977702420487,RT @larazon_es: La alarmante advertencia de una doctora desde India: “Vacunados con AstraZeneca se contagian de la nueva variante” ➡ “Comen…,0,3,Thu Apr 29 16:48:16 +0000 2021
2,1387810975122739204,RT @ANI: We had placed orders for purchase Covishield &amp; Covaxin vaccines. But manufacturers of both vaccines have said that they won't be a…,0,236,Thu Apr 29 16:48:15 +0000 2021
3,1387810974409707522,"RT @nsitharaman: “ Covaxin, India's home-grown COVID-19 vaccine, has been found to neutralise the 617 variant of the deadly virus...” Dr. F…",0,3137,Thu Apr 29 16:48:15 +0000 2021
4,1387810966780317698,@ChouhanShivraj Mama shree agar vaccin nhi dena cahate to mana kar dijiye... Pahale register nhi ho rha tha aab jab… https://t.co/4BNWg1RxRr,1,0,Thu Apr 29 16:48:13 +0000 2021
5,1387810963030609922,"RT @Sanju_Verma_: When #Covishield was priced at Rs 400&amp; #Covaxin at 600,Leftist cabal&amp; @INCIndia went hammer&amp;tongs at @narendramodi govt…",0,91,Thu Apr 29 16:48:12 +0000 2021
6,1387810961503899648,"RT @kdarda: After #Covishield, #Covaxin also slashes price. Scales it down to Rs 400/dose from Rs 600 for States. Downward revision good fo…",0,5,Thu Apr 29 16:48:12 +0000 2021
7,1387810955535347714,RT @drharshvardhan: मैं वैज्ञानिक तथ्यों के आधार पर देशवासियों को दोबारा कहना चाहता हूं कि हमारी दोनों वैक्सीन- #COVISHIELD और #COVAXIN पू…,0,443,Thu Apr 29 16:48:10 +0000 2021
8,1387810952716832771,"RT @nsitharaman: “ Covaxin, India's home-grown COVID-19 vaccine, has been found to neutralise the 617 variant of the deadly virus...” Dr. F…",0,3137,Thu Apr 29 16:48:10 +0000 2021
9,1387810949625618445,RT @vinayak_jain: In the next 15 days Gujarat will receive 2.5 crore vaccine doses of Covishield and Covaxin. Kudos @vijayrupanibjp sir 🙏🏻…,0,7,Thu Apr 29 16:48:09 +0000 2021
10,1387810946949672962,RT @vinayak_jain: In the next 15 days Gujarat will receive 2.5 crore vaccine doses of Covishield and Covaxin. Kudos @vijayrupanibjp sir 🙏🏻…,0,7,Thu Apr 29 16:48:08 +0000 2021
11,1387810942625345536,RT @ANI: We had placed orders for purchase Covishield &amp; Covaxin vaccines. But manufacturers of both vaccines have said that they won't be a…,0,236,Thu Apr 29 16:48:07 +0000 2021
12,1387810928171773952,Bharat Biotech slashes Covaxin’s price for States to ₹400 per dose  https://t.co/GkfY2re933,0,0,Thu Apr 29 16:48:04 +0000 2021
13,1387810924103278594,"RT @BharatBiotech: Bharat Biotech - COVAXIN® Announcement - April 29, 2021 https://t.co/RgnROIfUCe",0,1902,Thu Apr 29 16:48:03 +0000 2021
14,1387810907854565376,RT @horror06: Europe going back to a tried and tested vaccine. Like Covaxin. I will never understand why the Indian govt did not fund BB to…,0,84,Thu Apr 29 16:47:59 +0000 2021
15,1387810906491346944,"RT @veekay122002: So Pfizer at INR1500 is good and ok !

But Covishield and Covaxin at INR 600 is not ok !

Please reduce to INR 300 ...",0,675,Thu Apr 29 16:47:59 +0000 2021
16,1387810905015033856,RT @HehehJoker: @navneetmishra99 Why are the VIPs getting Covaxin(81% efficacy) jab while the rest of the Janta getting the  Covishield(63%…,0,1,Thu Apr 29 16:47:58 +0000 2021
17,1387810897301704706,RT @Sanjay_Dixit: Congress eco system is squarely responsible for every 45 years plus death in the country. In their eagerness to lobby for…,0,1769,Thu Apr 29 16:47:56 +0000 2021
18,1387810895544336397,"RT @RapperPandit: Connect Dots

1 Pfizer Donates $61.8Mn ~ 460Cr to Joe Biden

2 Covaxin &amp; Covishield developed in India at a very Cheap pr…",0,263,Thu Apr 29 16:47:56 +0000 2021
19,1387810882860683264,"RT @Gujju_Er: @RahulGandhi Well, World is praising and recognising Indian Vaccine Covaxin

Where Pappu busy attacking Purely India Made Vac…",0,75,Thu Apr 29 16:47:53 +0000 2021
20,1387810878356004868,RT @vinayak_jain: In the next 15 days Gujarat will receive 2.5 crore vaccine doses of Covishield and Covaxin. Kudos @vijayrupanibjp sir 🙏🏻…,0,7,Thu Apr 29 16:47:52 +0000 2021
21,1387810857493491715,RT @ANI: Covaxin to be available to State governments at a price of Rs 400 per dose: Bharat Biotech https://t.co/gPPFN7mJQo,0,943,Thu Apr 29 16:47:47 +0000 2021
22,1387810845648769024,"RT @nsitharaman: “ Covaxin, India's home-grown COVID-19 vaccine, has been found to neutralise the 617 variant of the deadly virus...” Dr. F…",0,3137,Thu Apr 29 16:47:44 +0000 2021
23,1387810842838671362,"RT @G4Gautam1443: Why didn't India roll out Covaxin along with CoviShield?
Or another competitor? Sputnik? 
Now everyone is at the mercy of…",0,1,Thu Apr 29 16:47:43 +0000 2021
24,1387810841295081476,"RT @nsitharaman: “ Covaxin, India's home-grown COVID-19 vaccine, has been found to neutralise the 617 variant of the deadly virus...” Dr. F…",0,3137,Thu Apr 29 16:47:43 +0000 2021
25,1387810829337300993,"RT @jmiltonrosa: A compra da vacina indiana Covaxin tem treta. O contrato de 20 milhões de doses (R$ 1,61 bilhão), negociado por Pazuello,…",0,228,Thu Apr 29 16:47:40 +0000 2021
26,1387810826296328192,RT @ANI: We had placed orders for purchase Covishield &amp; Covaxin vaccines. But manufacturers of both vaccines have said that they won't be a…,0,236,Thu Apr 29 16:47:39 +0000 2021
27,1387810807795240962,"RT @veekay122002: So Pfizer at INR1500 is good and ok !

But Covishield and Covaxin at INR 600 is not ok !

Please reduce to INR 300 ...",0,675,Thu Apr 29 16:47:35 +0000 2021
28,1387810805236649984,RT @neerajmittal27: @BharatBiotech @SuchitraElla @DrKrishnaElla Hats off to you and your team Dr Ella. It is because of people like you Ind…,0,2,Thu Apr 29 16:47:34 +0000 2021
29,1387810788681805824,RT @ANI: We had placed orders for purchase Covishield &amp; Covaxin vaccines. But manufacturers of both vaccines have said that they won't be a…,0,236,Thu Apr 29 16:47:30 +0000 2021
30,1387810784760238093,"RT @jmiltonrosa: A compra da vacina indiana Covaxin tem treta. O contrato de 20 milhões de doses (R$ 1,61 bilhão), negociado por Pazuello,…",0,228,Thu Apr 29 16:47:30 +0000 2021
31,1387810775780102147,"RT @MeghUpdates: #Breaking: Bharat Biotech reduces prices of COVAXIN for  states by ₹ 200. 
States will get vaccine at ₹400.
Centre will ge…",0,936,Thu Apr 29 16:47:27 +0000 2021
32,1387810771225042956,RT @horror06: Europe going back to a tried and tested vaccine. Like Covaxin. I will never understand why the Indian govt did not fund BB to…,0,84,Thu Apr 29 16:47:26 +0000 2021
33,1387810766158401539,RT @ANI: We had placed orders for purchase Covishield &amp; Covaxin vaccines. But manufacturers of both vaccines have said that they won't be a…,0,236,Thu Apr 29 16:47:25 +0000 2021
34,1387810758428303363,RT @htTweets: #BharatBiotech decides to reduce the price of its COVID-19 vaccine #Covaxin from Rs 600 per dose to Rs 400 per dose for the s…,0,5,Thu Apr 29 16:47:23 +0000 2021
35,1387810730489962499,"RT @BharatBiotech: Bharat Biotech - COVAXIN® Announcement - April 29, 2021 https://t.co/RgnROIfUCe",0,1902,Thu Apr 29 16:47:17 +0000 2021
36,1387810725020672002,RT @ANI: We had placed orders for purchase Covishield &amp; Covaxin vaccines. But manufacturers of both vaccines have said that they won't be a…,0,236,Thu Apr 29 16:47:15 +0000 2021
37,1387810721090527235,"RT @nsitharaman: “ Covaxin, India's home-grown COVID-19 vaccine, has been found to neutralise the 617 variant of the deadly virus...” Dr. F…",0,3137,Thu Apr 29 16:47:14 +0000 2021
38,1387810708713218052,"RT @kktotlani: Latest: After SII, Bharat Biotech reduces prices of COVAXIN for  states by ₹ 200. 
States will get vaccine at ₹400.
Centre w…",0,23,Thu Apr 29 16:47:11 +0000 2021
39,1387810675011985409,RT @vinayak_jain: In the next 15 days Gujarat will receive 2.5 crore vaccine doses of Covishield and Covaxin. Kudos @vijayrupanibjp sir 🙏🏻…,0,7,Thu Apr 29 16:47:03 +0000 2021
40,1387810667357380610,@mybmc where can i get 2nd dose of Covaxin which is due for my parents?,0,0,Thu Apr 29 16:47:02 +0000 2021
41,1387810660675817472,"RT @BharatBiotech: Bharat Biotech - COVAXIN® Announcement - April 29, 2021 https://t.co/RgnROIfUCe",0,1902,Thu Apr 29 16:47:00 +0000 2021
42,1387810650957651972,"RT @elmihiro: Shocked to know that Covaxin was studied by its developer and India’s apex body for medical research. 

Instead it should hav…",0,507,Thu Apr 29 16:46:58 +0000 2021
43,1387810644221566979,RT @sudhirchaudhary: .⁦@BharatBiotech⁩ announces the reduced price of COVAXIN from ₹600 to ₹400 per dose for state governments. https://t.c…,0,359,Thu Apr 29 16:46:56 +0000 2021
44,1387810638827724803,RT @vinayak_jain: In the next 15 days Gujarat will receive 2.5 crore vaccine doses of Covishield and Covaxin. Kudos @vijayrupanibjp sir 🙏🏻…,0,7,Thu Apr 29 16:46:55 +0000 2021
45,1387810621303902208,"RT @MeghUpdates: #Breaking: Bharat Biotech reduces prices of COVAXIN for  states by ₹ 200. 
States will get vaccine at ₹400.
Centre will ge…",0,936,Thu Apr 29 16:46:51 +0000 2021
46,1387810619945103363,RT @Sanjay_Dixit: Congress eco system is squarely responsible for every 45 years plus death in the country. In their eagerness to lobby for…,0,1769,Thu Apr 29 16:46:50 +0000 2021
47,1387810611476582400,"RT @nsitharaman: “ Covaxin, India's home-grown COVID-19 vaccine, has been found to neutralise the 617 variant of the deadly virus...” Dr. F…",0,3137,Thu Apr 29 16:46:48 +0000 2021
48,1387810589741772802,"RT @nsitharaman: “ Covaxin, India's home-grown COVID-19 vaccine, has been found to neutralise the 617 variant of the deadly virus...” Dr. F…",0,3137,Thu Apr 29 16:46:43 +0000 2021
49,1387810585807515648,RT @Sanjay_Dixit: Congress eco system is squarely responsible for every 45 years plus death in the country. In their eagerness to lobby for…,0,1769,Thu Apr 29 16:46:42 +0000 2021
50,1387810582926020609,RT @ianuragthakur: https://t.co/vDoagOPNvZ,0,118,Thu Apr 29 16:46:41 +0000 2021
51,1387810579146969091,"TNT | HEALTH

How can #COVID vaccine protect you - Explainer 
#CovidIndia #CovishieldVaccine #Covaxin 
DETAILS: https://t.co/92MOn1Kpat",0,0,Thu Apr 29 16:46:40 +0000 2021
52,1387810575804030976,RT @ianuragthakur: https://t.co/vDoagOPNvZ,0,118,Thu Apr 29 16:46:40 +0000 2021
53,1387810558867431425,RT @ANI: We had placed orders for purchase Covishield &amp; Covaxin vaccines. But manufacturers of both vaccines have said that they won't be a…,0,236,Thu Apr 29 16:46:36 +0000 2021
54,1387810552848683008,RT @samal_deepti: ये BJP का Vaccine है बोल के कुछ विपक्षी पार्टी लोगों को लगवाने मना कर रहे थे जैसे कि Vaccine उनके पार्टी office मे तयार…,0,14,Thu Apr 29 16:46:34 +0000 2021
55,1387810551443587072,In the next 15 days Gujarat will receive 2.5 crore vaccine doses of Covishield and Covaxin. Kudos @vijayrupanibjp s… https://t.co/vnQest6or5,23,7,Thu Apr 29 16:46:34 +0000 2021
56,1387810522393763842,"RT @nsitharaman: “ Covaxin, India's home-grown COVID-19 vaccine, has been found to neutralise the 617 variant of the deadly virus...” Dr. F…",0,3137,Thu Apr 29 16:46:27 +0000 2021
57,1387810519919304710,RT @ANI: We had placed orders for purchase Covishield &amp; Covaxin vaccines. But manufacturers of both vaccines have said that they won't be a…,0,236,Thu Apr 29 16:46:26 +0000 2021
58,1387810512386203648,RT @vijayanpinarayi: Kerala will purchase 1 crore doses of #COVID19 vaccines from the open market. 70L doses of Covishield and 30L doses of…,0,1762,Thu Apr 29 16:46:25 +0000 2021
59,1387810496061923328,"RT @nsitharaman: “ Covaxin, India's home-grown COVID-19 vaccine, has been found to neutralise the 617 variant of the deadly virus...” Dr. F…",0,3137,Thu Apr 29 16:46:21 +0000 2021
60,1387810495256616964,"RT @veekay122002: So Pfizer at INR1500 is good and ok !

But Covishield and Covaxin at INR 600 is not ok !

Please reduce to INR 300 ...",0,675,Thu Apr 29 16:46:20 +0000 2021
61,1387810461299576836,"RT @BharatBiotech: Bharat Biotech - COVAXIN® Announcement - April 29, 2021 https://t.co/RgnROIfUCe",0,1902,Thu Apr 29 16:46:12 +0000 2021
62,1387810450612523009,"RT @KasthuriShankar: Covaxin Prices Reduced For States Day After Covishield Prices Cut, to cost Rs 400 now . Private institutions will stil…",0,3,Thu Apr 29 16:46:10 +0000 2021
63,1387810437958234113,"RT @oneabovall: Vaccine is a vaccine it helps u fight the virus.
Don't make it desi or videshi.
Don't call is a party's vaccine.
Don't call…",0,16,Thu Apr 29 16:46:07 +0000 2021
64,1387810415053131777,"RT @Sanju_Verma_: When #Covishield was priced at Rs 400&amp; #Covaxin at 600,Leftist cabal&amp; @INCIndia went hammer&amp;tongs at @narendramodi govt…",0,91,Thu Apr 29 16:46:01 +0000 2021
65,1387810391577620481,"RT @nsitharaman: “ Covaxin, India's home-grown COVID-19 vaccine, has been found to neutralise the 617 variant of the deadly virus...” Dr. F…",0,3137,Thu Apr 29 16:45:56 +0000 2021
66,1387810358262382602,RT @larazon_es: La alarmante advertencia de una doctora desde India: “Vacunados con AstraZeneca se contagian de la nueva variante” ➡ “Comen…,0,3,Thu Apr 29 16:45:48 +0000 2021
67,1387810348544282628,"RT @BharatBiotech: Bharat Biotech - COVAXIN® Announcement - April 29, 2021 https://t.co/RgnROIfUCe",0,1902,Thu Apr 29 16:45:46 +0000 2021
68,1387810332001804288,"@WomanSci The reason covaxin has a better chance against New mutations - as it is a whole virion virus, even if som… https://t.co/10seT5rVHp",1,0,Thu Apr 29 16:45:42 +0000 2021
69,1387810322723921923,"RT @RapperPandit: Connect Dots

1 Pfizer Donates $61.8Mn ~ 460Cr to Joe Biden

2 Covaxin &amp; Covishield developed in India at a very Cheap pr…",0,263,Thu Apr 29 16:45:39 +0000 2021
70,1387810312603066371,@atulkasbekar @bipsluvurself Covaxin also Sir.,0,0,Thu Apr 29 16:45:37 +0000 2021
71,1387810282215411721,"RT @MeghUpdates: #Breaking: Bharat Biotech reduces prices of COVAXIN for  states by ₹ 200. 
States will get vaccine at ₹400.
Centre will ge…",0,936,Thu Apr 29 16:45:30 +0000 2021
72,1387810249537724416,@digodiegodin Estos resultados de proteccion son frente a la vacuna Covaxin elaborada con virion completo inactivad… https://t.co/FIrBrlKotw,0,0,Thu Apr 29 16:45:22 +0000 2021
73,1387810246437969923,"RT @pibchennai: #We4Vaccine:

ஒரு டோசுக்கு ரூபாய் 400 என்று #Covaxin தடுப்பூசியின் விலையை மாநிலங்களுக்கு @BharatBiotech குறைத்துள்ளது.

#La…",0,4,Thu Apr 29 16:45:21 +0000 2021
74,1387810241392234497,RT @ANI: We had placed orders for purchase Covishield &amp; Covaxin vaccines. But manufacturers of both vaccines have said that they won't be a…,0,236,Thu Apr 29 16:45:20 +0000 2021
75,1387810211042238473,RT @ANI: Covaxin to be available to State governments at a price of Rs 400 per dose: Bharat Biotech https://t.co/gPPFN7mJQo,0,943,Thu Apr 29 16:45:13 +0000 2021
76,1387810207468638209,RT @ANI: We had placed orders for purchase Covishield &amp; Covaxin vaccines. But manufacturers of both vaccines have said that they won't be a…,0,236,Thu Apr 29 16:45:12 +0000 2021
77,1387810200074162179,"RT @maxx99594093: PM is requested to allow other pharma companies to start production of Covishield n Covaxin
Their facility can be used fo…",0,1,Thu Apr 29 16:45:10 +0000 2021
78,1387810196412518400,RT @htTweets: #BharatBiotech decides to reduce the price of its COVID-19 vaccine #Covaxin from Rs 600 per dose to Rs 400 per dose for the s…,0,5,Thu Apr 29 16:45:09 +0000 2021
79,1387810182109876234,"@SuryaHospitals When is Covaxin expected to come back in stock?2nd dose is due for my parents, Kindly advise",0,0,Thu Apr 29 16:45:06 +0000 2021
80,1387810178603442176,"@HehehJoker @navneetmishra99 Aisi koi bat nahi,mai VIP nahi lekin maine Covaxin liya hai.Aap jo lena chahenge wo di… https://t.co/GEG1sKXl6Z",0,0,Thu Apr 29 16:45:05 +0000 2021
81,1387810174258274306,"Why didn't India roll out Covaxin along with CoviShield?
Or another competitor? Sputnik? 
Now everyone is at the me… https://t.co/v0VGNMbeKf",1,1,Thu Apr 29 16:45:04 +0000 2021
82,1387810162891759619,La alarmante advertencia de una doctora desde India: “Vacunados con AstraZeneca se contagian de la nueva variante”… https://t.co/zYl88WvpEp,3,3,Thu Apr 29 16:45:01 +0000 2021
83,1387810162803572738,"@XaraTheGreatCat @OpIndia_com If it answers your question, know that I'm going to opt for #Covaxin when I get vaccinated.",1,0,Thu Apr 29 16:45:01 +0000 2021
84,1387810153395851269,"RT @NARENDER1970: आज #Covaxin का दूसरा डोज़ भी ले लिया. आप सब भी कोरोना को हराने में अपना योगदान दें. सावधानी से रहें, मास्क जरूर पहनें, शा…",0,35,Thu Apr 29 16:44:59 +0000 2021
85,1387810148987641860,https://t.co/gm97tGO1df,0,0,Thu Apr 29 16:44:58 +0000 2021
86,1387810144562515968,RT @lkantbhardwaj: *AMERICA’S TOP EXPERT DR ANTHONY FAUCI GIVES BHARAT BIOTECH’S COVAXIN THUMBS UP-WILL VACCINE DOUBTERS APOLOGISE?* #TeamS…,0,67,Thu Apr 29 16:44:57 +0000 2021
87,1387810138304630786,"RT @elmihiro: Shocked to know that Covaxin was studied by its developer and India’s apex body for medical research. 

Instead it should hav…",0,507,Thu Apr 29 16:44:55 +0000 2021
88,1387810126619242497,RT @samal_deepti: ये BJP का Vaccine है बोल के कुछ विपक्षी पार्टी लोगों को लगवाने मना कर रहे थे जैसे कि Vaccine उनके पार्टी office मे तयार…,0,14,Thu Apr 29 16:44:53 +0000 2021
89,1387810118448783361,"RT @hmtvnewslive: టీకా ధర 200 తగ్గించిన భారత్ బయోటెక్ - Bharat Biotech reduced the COVAXIN Vaccine Price by 200 | hmtvnewslive 

#CovaxinPr…",0,1,Thu Apr 29 16:44:51 +0000 2021
90,1387810108026105856,RT @sudhirchaudhary: .⁦@BharatBiotech⁩ announces the reduced price of COVAXIN from ₹600 to ₹400 per dose for state governments. https://t.c…,0,359,Thu Apr 29 16:44:48 +0000 2021
91,1387810101545771008,RT @htTweets: #BharatBiotech decides to reduce the price of its COVID-19 vaccine #Covaxin from Rs 600 per dose to Rs 400 per dose for the s…,0,5,Thu Apr 29 16:44:47 +0000 2021
92,1387810087088005124,RT @ANI: We had placed orders for purchase Covishield &amp; Covaxin vaccines. But manufacturers of both vaccines have said that they won't be a…,0,236,Thu Apr 29 16:44:43 +0000 2021
93,1387810062882639877,"RT @BharatBiotech: Bharat Biotech - COVAXIN® Announcement - April 29, 2021 https://t.co/RgnROIfUCe",0,1902,Thu Apr 29 16:44:37 +0000 2021
94,1387810060605165572,RT @ANI: We had placed orders for purchase Covishield &amp; Covaxin vaccines. But manufacturers of both vaccines have said that they won't be a…,0,236,Thu Apr 29 16:44:37 +0000 2021
95,1387810058340388867,"@mailvijee @RKRadhakrishn @narendramodi @adarpoonawalla Though literate, can't you fact check the root of covaxin invention SIR",0,0,Thu Apr 29 16:44:36 +0000 2021
96,1387810047913172993,RT @ArtiDub34797261: भारत में बनी कोवैक्सिन कोविड-19 के 617 वेरिएंट्स को बेअसर करने में सक्षम : अमेरिका के टॉप मेडिकल एडवाइजर डॉ एंथोनी फाउ…,0,19,Thu Apr 29 16:44:34 +0000 2021
97,1387810037679071234,RT @ANI: We had placed orders for purchase Covishield &amp; Covaxin vaccines. But manufacturers of both vaccines have said that they won't be a…,0,236,Thu Apr 29 16:44:31 +0000 2021
98,1387810026195066882,"RT @ETimesLifestyle: Covaxin vs Covishield: Here's everything you must know about the two vaccines https://t.co/jGQKhJcniG

#CovidVaccine #…",0,15,Thu Apr 29 16:44:29 +0000 2021
99,1387810024081305609,"RT @jmiltonrosa: A compra da vacina indiana Covaxin tem treta. O contrato de 20 milhões de doses (R$ 1,61 bilhão), negociado por Pazuello,…",0,228,Thu Apr 29 16:44:28 +0000 2021
